Query with VIN,Answer
"Vehicle VIN: 48296089, Query: How much does the Bimini Top Cost?",$500.00
"Vehicle VIN: 61981724, Query: What is the price of the Bimini Top?","$1,200.00"
"Vehicle VIN: 97980021, Query: How much does the Mooring Cover cost?",$350.00
"Vehicle VIN: 69830599, Query: What is the price of the Mooring Cover?",$700.00
"Vehicle VIN: 76998315, Query: How much does the Seat Cover Set cost?",$150.00
"Vehicle VIN: 77542776, Query: What is the price of the Seat Cover Set?",$300.00
"Vehicle VIN: 64594924, Query: How much does the Bimini Boot cost?",$50.00
"Vehicle VIN: 13971125, Query: What is the price of the Bimini Boot?",$90.00
"Vehicle VIN: 61084070, Query: How much does the Boat Cover Support Pole cost?",$20.00
"Vehicle VIN: 84301575, Query: What is the price of the Snap Fastener Kit?",$35.00
"Vehicle VIN: 90324280, Query: How much does the Bilge Pump cost?",$40.00
"Vehicle VIN: 69152860, Query: What is the price of the Bilge Pump?",$80.00
"Vehicle VIN: 38241353, Query: How much does the Fuse Block cost?",$30.00
"Vehicle VIN: 95347445, Query: What is the price of the Fuse Block?",$60.00
"Vehicle VIN: 23535033, Query: How much do the Navigation Lights cost?",$75.00
"Vehicle VIN: 25728344, Query: What is the price of the Navigation Lights?",$150.00
"Vehicle VIN: 31448407, Query: How much do the Docking Lights cost?",$90.00
"Vehicle VIN: 40647828, Query: What is the price of the Docking Lights?",$200.00
"Vehicle VIN: 59348352, Query: How much do the Courtesy Lights cost?",$25.00
"Vehicle VIN: 46432749, Query: What is the price of the Courtesy Lights?",$50.00
"Vehicle VIN: 43748146, Query: How much does the Battery cost?",$150.00
"Vehicle VIN: 42921894, Query: What is the price of the Battery?",$180.00
"Vehicle VIN: 68171104, Query: How much does the Battery cost?",$800.00
"Vehicle VIN: 95417687, Query: What is the price of the Battery Switch?",$40.00
"Vehicle VIN: 59278750, Query: How much does the Battery Switch cost?",$80.00
"Vehicle VIN: 67986125, Query: What is the price of the Shore Power Inlet?",$150.00
"Vehicle VIN: 78958980, Query: How much does the Battery Charger cost?",$300.00
"Vehicle VIN: 97436811, Query: What is the price of the Outboard Engine?","$12,000.00"
"Vehicle VIN: 97598415, Query: How much does the Outboard Engine cost?","$25,000.00"
"Vehicle VIN: 13286231, Query: What is the price of the Propeller?",$150.00
"Vehicle VIN: 70360350, Query: How much does the Propeller cost?",$400.00
"Vehicle VIN: 43250129, Query: What is the price of the Fuel Tank?",$100.00
"Vehicle VIN: 28302821, Query: How much does the Fuel Tank cost?",$500.00
"Vehicle VIN: 57097370, Query: What is the price of the Fuel Line Assembly?",$50.00
"Vehicle VIN: 24727468, Query: How much does the Fuel Filter/Water Separator cost?",$40.00
"Vehicle VIN: 16171693, Query: What is the price of the Trolling Motor?",$800.00
"Vehicle VIN: 79351715, Query: How much does the Power Pole Shallow Water Anchor cost?","$1,800.00"
"Vehicle VIN: 41116574, Query: What is the price of the Life Jacket?",$30.00
"Vehicle VIN: 49791700, Query: How much does the Life Jacket cost?",$70.00
"Vehicle VIN: 60796804, Query: What is the price of the Throwable Flotation Device?",$25.00
"Vehicle VIN: 57466099, Query: How much does the Fire Extinguisher cost?",$45.00
"Vehicle VIN: 11752460, Query: What is the price of the Horn?",$15.00
"Vehicle VIN: 23857881, Query: How much does the Horn cost?",$80.00
"Vehicle VIN: 95706024, Query: What is the price of the First Aid Kit?",$35.00
"Vehicle VIN: 20605021, Query: How much does the First Aid Kit cost?",$100.00
"Vehicle VIN: 80363813, Query: What is the price of the Emergency Paddle?",$25.00
"Vehicle VIN: 61219164, Query: How much does the Air Horn cost?",$15.00
"Vehicle VIN: 26817558, Query: What is the price of the MFD?",$800.00
"Vehicle VIN: 18294032, Query: How much does the MFD cost?","$2,500.00"
"Vehicle VIN: 81441805, Query: What is the price of the GPS/Fishfinder Combo?",$300.00
"Vehicle VIN: 93145316, Query: How much does the GPS/Fishfinder Combo cost?","$1,000.00"
"Vehicle VIN: 60137607, Query: What is the price of the VHF Radio?",$200.00
"Vehicle VIN: 62919145, Query: How much does the VHF Radio cost?",$300.00
"Vehicle VIN: 67792985, Query: What is the price of the Speakers?",$100.00
"Vehicle VIN: 83558034, Query: How much do the Speakers cost?",$300.00
"Vehicle VIN: 55666608, Query: What is the price of the Amplifier?",$250.00
"Vehicle VIN: 77576098, Query: How much does the Amplifier cost?",$600.00
"Vehicle VIN: 92442844, Query: What is the price of the Head Unit?",$150.00
"Vehicle VIN: 61911394, Query: How much does the Head Unit cost?",$400.00
"Vehicle VIN: 43056989, Query: What is the price of the Marine Amplifier?",$400.00
"Vehicle VIN: 58658533, Query: How much does the Marine Subwoofer cost?",$250.00
"Vehicle VIN: 90131855, Query: What is the price of the Anchor?",$50.00
"Vehicle VIN: 38479933, Query: How much does the Anchor cost?",$150.00
"Vehicle VIN: 98238724, Query: What is the price of the Anchor Line?",$30.00
"Vehicle VIN: 44071634, Query: How much does the Anchor Line cost?",$80.00
"Vehicle VIN: 94727870, Query: What is the price of the Cleat?",$20.00
"Vehicle VIN: 49598560, Query: How much does the Cleat cost?",$60.00
"Vehicle VIN: 23302808, Query: What is the price of the Ladder?",$100.00
"Vehicle VIN: 37536681, Query: How much does the Ladder cost?",$180.00
"Vehicle VIN: 61477875, Query: What is the price of the Fender?",$25.00
"Vehicle VIN: 32155369, Query: How much does the Fender cost?",$50.00
"Vehicle VIN: 52005034, Query: What is the price of the Table Kit?",$120.00
"Vehicle VIN: 72834011, Query: How much does the Table Kit cost?",$300.00
"Vehicle VIN: 72007757, Query: What is the price of the Decking?",$15.00
"Vehicle VIN: 74259379, Query: How much does the Decking cost?",$30.00
"Vehicle VIN: 56872738, Query: What is the price of the Ski Tow Pylon?",$200.00
"Vehicle VIN: 68756832, Query: How much does the Swim Platform Ladder cost?",$250.00
"Vehicle VIN: 62464438, Query: What is the price of the Steering Wheel?",$80.00
"Vehicle VIN: 65181478, Query: How much does the Steering Wheel cost?",$250.00
"Vehicle VIN: 22148371, Query: What is the price of the Helm Chair?",$300.00
"Vehicle VIN: 59053467, Query: How much does the Helm Chair cost?",$800.00
"Vehicle VIN: 98022537, Query: What is the price of the Throttle Control?",$150.00
"Vehicle VIN: 88094247, Query: What is the price of the Throttle Control?","$1,500.00"
"Vehicle VIN: 27960763, Query: What is the price of the Gauge Cluster?",$200.00
"Vehicle VIN: 24587093, Query: How much does the Gauge Cluster cost?",$600.00
"Vehicle VIN: 43319867, Query: What is the price of the Dash Panel?",$100.00
"Vehicle VIN: 42461366, Query: How much does the Dash Panel cost?",$300.00
"Vehicle VIN: 92652183, Query: What is the price of the Cup Holder?",$10.00
"Vehicle VIN: 40806766, Query: How much does the Cup Holder cost?",$30.00
"Vehicle VIN: 58850470, Query: What is the price of the Steering Cable?",$70.00
"Vehicle VIN: 44012020, Query: How much does the Hydraulic Steering System cost?","$1,000.00"
"Vehicle VIN: 55275119, Query: What is the price of the Horn Button?",$15.00
"Vehicle VIN: 51925393, Query: How much does the Accessory Switch Panel cost?",$60.00
"Vehicle VIN: 63188492, Query: Who makes the bimini top for this boat?",National Bimini Tops
"Vehicle VIN: 79828113, Query: Who manufactures the Bimini Top?",SureShade
"Vehicle VIN: 69932071, Query: Who makes the Mooring Cover?",Boat Covers Direct
"Vehicle VIN: 99830837, Query: Who manufactures the Mooring Cover?",Taylor Made
"Vehicle VIN: 54331867, Query: Who makes the Seat Cover Set?",PontoonStuff
"Vehicle VIN: 27189397, Query: Who manufactures the Seat Cover Set?",Coversandall
"Vehicle VIN: 24299191, Query: Who makes the Bimini Boot?",PontoonStuff
"Vehicle VIN: 82778073, Query: Who manufactures the Bimini Boot?",Carver
"Vehicle VIN: 22644590, Query: Who makes the Boat Cover Support Pole?",Taylor Made
"Vehicle VIN: 90626947, Query: Who manufactures the Snap Fastener Kit?",C.S. Osborne
"Vehicle VIN: 51169382, Query: Who makes the Bilge Pump?",Rule
"Vehicle VIN: 37145192, Query: Who manufactures the Bilge Pump?",Johnson Pump
"Vehicle VIN: 33763217, Query: Who makes the Fuse Block?",Blue Sea Systems
"Vehicle VIN: 45252060, Query: Who manufactures the Fuse Block?",Blue Sea Systems
"Vehicle VIN: 21636839, Query: Who makes the Navigation Lights?",Perko
"Vehicle VIN: 51802145, Query: Who manufactures the Navigation Lights?",Hella Marine
"Vehicle VIN: 20176743, Query: Who makes the Docking Lights?",Attwood
"Vehicle VIN: 56389707, Query: Who manufactures the Docking Lights?",Innovative Lighting
"Vehicle VIN: 94512038, Query: Who makes the Courtesy Lights?",Lumitec
"Vehicle VIN: 76392431, Query: Who manufactures the Courtesy Lights?",Apex Lighting
"Vehicle VIN: 18123748, Query: Who makes the Battery?",Interstate
"Vehicle VIN: 24702431, Query: Who manufactures the Battery?",EverStart
"Vehicle VIN: 92717039, Query: Who makes the Battery?",Dakota Lithium
"Vehicle VIN: 53291721, Query: Who manufactures the Battery Switch?",Perko
"Vehicle VIN: 89206183, Query: Who makes the Battery Switch?",Blue Sea Systems
"Vehicle VIN: 44076873, Query: Who manufactures the Shore Power Inlet?",Marinco
"Vehicle VIN: 47342150, Query: Who makes the Battery Charger?",Minn Kota
"Vehicle VIN: 32014994, Query: Who manufactures the Outboard Engine?",Mercury Marine
"Vehicle VIN: 55956189, Query: Who makes the Outboard Engine?",Yamaha Marine
"Vehicle VIN: 51695226, Query: Who manufactures the Propeller?",Solas
"Vehicle VIN: 61483115, Query: Who makes the Propeller?",Mercury Marine
"Vehicle VIN: 76382111, Query: Who manufactures the Fuel Tank?",Moeller Marine
"Vehicle VIN: 58230255, Query: Who makes the Fuel Tank?",Florida Marine Tanks
"Vehicle VIN: 91993276, Query: Who manufactures the Fuel Line Assembly?",Sierra Marine
"Vehicle VIN: 62703017, Query: Who makes the Fuel Filter/Water Separator?",Racor
"Vehicle VIN: 74587112, Query: Who manufactures the Trolling Motor?",Minn Kota
"Vehicle VIN: 10362099, Query: Who makes the Power Pole Shallow Water Anchor?",Power-Pole
"Vehicle VIN: 71011758, Query: Who manufactures the Life Jacket?",Onyx
"Vehicle VIN: 27978651, Query: Who makes the Life Jacket?",Mustang Survival
"Vehicle VIN: 77119172, Query: Who manufactures the Throwable Flotation Device?",Stearns
"Vehicle VIN: 46175415, Query: Who makes the Fire Extinguisher?",Kidde
"Vehicle VIN: 85668712, Query: Who manufactures the Horn?",SeaSense
"Vehicle VIN: 33533050, Query: Who makes the Horn?",Ongaro Marine
"Vehicle VIN: 45417142, Query: Who manufactures the First Aid Kit?",Adventure Medical Kits
"Vehicle VIN: 16126884, Query: Who makes the First Aid Kit?",My Medic
"Vehicle VIN: 48549640, Query: Who manufactures the Emergency Paddle?",Shoreline Marine
"Vehicle VIN: 31738049, Query: Who makes the Air Horn?",Orion Safety Products
"Vehicle VIN: 46637045, Query: Who manufactures the MFD?",Lowrance
"Vehicle VIN: 56424936, Query: Who makes the MFD?",Garmin
"Vehicle VIN: 40074620, Query: Who manufactures the GPS/Fishfinder Combo?",Humminbird
"Vehicle VIN: 76105166, Query: Who makes the GPS/Fishfinder Combo?",Simrad
"Vehicle VIN: 37503407, Query: Who manufactures the VHF Radio?",Standard Horizon
"Vehicle VIN: 40768684, Query: Who makes the VHF Radio?",Icom
"Vehicle VIN: 97728723, Query: Who manufactures the Speakers?",Kicker
"Vehicle VIN: 22486824, Query: Who makes the Speakers?",JL Audio
"Vehicle VIN: 85150856, Query: Who manufactures the Amplifier?",Fusion
"Vehicle VIN: 63165465, Query: Who makes the Amplifier?",JL Audio
"Vehicle VIN: 69744147, Query: Who manufactures the Head Unit?",Boss Audio
"Vehicle VIN: 10135198, Query: Who makes the Head Unit?",Fusion
"Vehicle VIN: 83355854, Query: Who manufactures the Marine Amplifier?",Rockford Fosgate
"Vehicle VIN: 31478189, Query: Who makes the Marine Subwoofer?",JL Audio
"Vehicle VIN: 67691152, Query: Who manufactures the Anchor?",Fortress Marine Anchors
"Vehicle VIN: 93724132, Query: Who makes the Anchor?",Box Anchor
"Vehicle VIN: 45978790, Query: Who manufactures the Anchor Line?",West Marine
"Vehicle VIN: 19341231, Query: Who makes the Anchor Line?",T-H Marine
"Vehicle VIN: 30830075, Query: Who manufactures the Cleat?",Sea-Dog Line
"Vehicle VIN: 39537450, Query: Who makes the Cleat?",Accon Marine
"Vehicle VIN: 94356895, Query: Who manufactures the Ladder?",JIF Marine
"Vehicle VIN: 66988680, Query: Who makes the Ladder?",Garelick
"Vehicle VIN: 44971040, Query: Who manufactures the Fender?",Taylor Made
"Vehicle VIN: 74837555, Query: Who makes the Fender?",Polyform
"Vehicle VIN: 41976173, Query: Who manufactures the Table Kit?",Springfield Marine
"Vehicle VIN: 40426232, Query: Who makes the Table Kit?",Attwood
"Vehicle VIN: 13283764, Query: Who manufactures the Decking?",Marine Mat
"Vehicle VIN: 57784792, Query: Who makes the Decking?",Infinity Woven Products
"Vehicle VIN: 75594206, Query: Who manufactures the Ski Tow Pylon?",Attwood
"Vehicle VIN: 77787515, Query: Who makes the Swim Platform Ladder?",Garelick
"Vehicle VIN: 91404799, Query: Who manufactures the Steering Wheel?",Sea-Dog Line
"Vehicle VIN: 12667899, Query: Who makes the Steering Wheel?",Schmitt Marine
"Vehicle VIN: 21407524, Query: Who manufactures the Helm Chair?",Wise
"Vehicle VIN: 98491919, Query: Who makes the Helm Chair?",Llebroc
"Vehicle VIN: 98765158, Query: Who manufactures the Throttle Control?",Teleflex Marine
"Vehicle VIN: 26808864, Query: Who manufactures the Throttle Control?",Mercury Marine
"Vehicle VIN: 64963445, Query: Who manufactures the Gauge Cluster?",Faria Beede
"Vehicle VIN: 23813997, Query: Who makes the Gauge Cluster?",Mercury Marine
"Vehicle VIN: 24295762, Query: Who manufactures the Dash Panel?",Attwood
"Vehicle VIN: 63280800, Query: Who makes the Dash Panel?",New Wire Marine
"Vehicle VIN: 59907131, Query: Who manufactures the Cup Holder?",Sea-Dog Line
"Vehicle VIN: 77684296, Query: Who makes the Cup Holder?",Accon Marine
"Vehicle VIN: 79845357, Query: Who manufactures the Steering Cable?",Teleflex Marine
"Vehicle VIN: 28814429, Query: Who makes the Hydraulic Steering System?",SeaStar Solutions
"Vehicle VIN: 62697186, Query: Who manufactures the Horn Button?",Sea-Dog Line
"Vehicle VIN: 31753430, Query: Who makes the Accessory Switch Panel?",Blue Sea Systems
"Vehicle VIN: 10291768, Query: What's the part number for the Bimini Top?",NBT-8x8-STD
"Vehicle VIN: 19111064, Query: What is the part number for the Bimini Top?",SS-PT-PWR
"Vehicle VIN: 30995157, Query: What is the part number for the Mooring Cover?",BCD-PT-MC-STD
"Vehicle VIN: 24960483, Query: What is the part number for the Mooring Cover?",TM-PT-MC-PREM
"Vehicle VIN: 25871838, Query: What is the part number for the Seat Cover Set?",PS-SC-STD
"Vehicle VIN: 26385851, Query: What is the part number for the Seat Cover Set?",CA-SC-CUST
"Vehicle VIN: 47214828, Query: What is the part number for the Bimini Boot?",PS-BB-STD
"Vehicle VIN: 67064493, Query: What is the part number for the Bimini Boot?",CV-BB-PREM
"Vehicle VIN: 25652635, Query: What is the part number for the Boat Cover Support Pole?",90001
"Vehicle VIN: 61683181, Query: What is the part number for the Snap Fastener Kit?",21000
"Vehicle VIN: 75917054, Query: What is the part number for the Bilge Pump?",RM500A
"Vehicle VIN: 46598963, Query: What is the part number for the Bilge Pump?",32-47200-01
"Vehicle VIN: 13559005, Query: What is the part number for the Fuse Block?",5025
"Vehicle VIN: 40036540, Query: What is the part number for the Fuse Block?",5026
"Vehicle VIN: 90981137, Query: What is the part number for the Navigation Lights?",1399DP0CHR
"Vehicle VIN: 60739929, Query: What is the part number for the Navigation Lights?",2NM-LED-NAV
"Vehicle VIN: 99088006, Query: What is the part number for the Docking Lights?",14240-7
"Vehicle VIN: 39221062, Query: What is the part number for the Docking Lights?",003-2000-1
"Vehicle VIN: 56162873, Query: What is the part number for the Courtesy Lights?",101101
"Vehicle VIN: 37308468, Query: What is the part number for the Courtesy Lights?",AL-LED-STRIP
"Vehicle VIN: 96777015, Query: What is the part number for the Battery?",24M-XHD
"Vehicle VIN: 99554413, Query: What is the part number for the Battery?",29DC
"Vehicle VIN: 43553253, Query: What is the part number for the Battery?",DL100AH
"Vehicle VIN: 15661827, Query: What is the part number for the Battery Switch?",8501DP
"Vehicle VIN: 28404538, Query: What is the part number for the Battery Switch?",6006
"Vehicle VIN: 45367730, Query: What is the part number for the Shore Power Inlet?",301EL-B
"Vehicle VIN: 23970566, Query: What is the part number for the Battery Charger?",MK 210PC
"Vehicle VIN: 54908706, Query: What is the part number for the Outboard Engine?",115ELPT
"Vehicle VIN: 69634555, Query: What is the part number for the Outboard Engine?",F200XB
"Vehicle VIN: 42782330, Query: What is the part number for the Propeller?",1311-130-19
"Vehicle VIN: 32918536, Query: What is the part number for the Propeller?",48-8M0084494
"Vehicle VIN: 89857196, Query: What is the part number for the Fuel Tank?",32515
"Vehicle VIN: 70712547, Query: What is the part number for the Fuel Tank?",FMT-30GAL
"Vehicle VIN: 40471339, Query: What is the part number for the Fuel Line Assembly?",18-8000-1
"Vehicle VIN: 43280986, Query: What is the part number for the Fuel Filter/Water Separator?",S3227UL
"Vehicle VIN: 37218479, Query: What is the part number for the Trolling Motor?",Terrova 55
"Vehicle VIN: 49323900, Query: What is the part number for the Power Pole Shallow Water Anchor?",Blade 8
"Vehicle VIN: 93610262, Query: What is the part number for the Life Jacket?",112000-100-004-16
"Vehicle VIN: 79094302, Query: What is the part number for the Life Jacket?",MV1254
"Vehicle VIN: 65920705, Query: What is the part number for the Throwable Flotation Device?",2000013197
"Vehicle VIN: 86685183, Query: What is the part number for the Fire Extinguisher?",21005779
"Vehicle VIN: 51472379, Query: What is the part number for the Horn?",50073001
"Vehicle VIN: 24652403, Query: What is the part number for the Horn?",10025
"Vehicle VIN: 14756360, Query: What is the part number for the First Aid Kit?",0100-0150
"Vehicle VIN: 73726725, Query: What is the part number for the First Aid Kit?",MYFAK-PRO-WP
"Vehicle VIN: 12521273, Query: What is the part number for the Emergency Paddle?",SL76200
"Vehicle VIN: 87573966, Query: What is the part number for the Air Horn?",540
"Vehicle VIN: 48374394, Query: What is the part number for the MFD?",Hook Reveal 7
"Vehicle VIN: 27537864, Query: What is the part number for the MFD?",GPSMAP 8610xsv
"Vehicle VIN: 33225679, Query: What is the part number for the GPS/Fishfinder Combo?",PiranhaMAX 4 DI
"Vehicle VIN: 33387283, Query: What is the part number for the GPS/Fishfinder Combo?",GO7 XSR
"Vehicle VIN: 60932126, Query: What is the part number for the VHF Radio?",GX1400GPS
"Vehicle VIN: 47726280, Query: What is the part number for the VHF Radio?",IC-M94D
"Vehicle VIN: 68523007, Query: What is the part number for the Speakers?",KM654L
"Vehicle VIN: 35406407, Query: What is the part number for the Speakers?",M6-650X-S-Gw
"Vehicle VIN: 62652991, Query: What is the part number for the Amplifier?",MS-AM402
"Vehicle VIN: 86561935, Query: What is the part number for the Amplifier?",M700/5
"Vehicle VIN: 87075949, Query: What is the part number for the Head Unit?",MR1308UAB
"Vehicle VIN: 84391346, Query: What is the part number for the Head Unit?",Apollo RA770
"Vehicle VIN: 71475743, Query: What is the part number for the Marine Amplifier?",M5-600X1
"Vehicle VIN: 78086915, Query: What is the part number for the Marine Subwoofer?",M6-10W-S-Gw
"Vehicle VIN: 99375687, Query: What is the part number for the Anchor?",FX-7
"Vehicle VIN: 35348017, Query: What is the part number for the Anchor?",BA-15
"Vehicle VIN: 37541327, Query: What is the part number for the Anchor Line?",WM-AL-100
"Vehicle VIN: 64795927, Query: What is the part number for the Anchor Line?",THM-ALC-150
"Vehicle VIN: 97723317, Query: What is the part number for the Cleat?",326040-1
"Vehicle VIN: 78901162, Query: What is the part number for the Cleat?",202
"Vehicle VIN: 57729743, Query: What is the part number for the Ladder?",DL3
"Vehicle VIN: 66774783, Query: What is the part number for the Ladder?",19620-28
"Vehicle VIN: 88652025, Query: What is the part number for the Fender?",46030
"Vehicle VIN: 47105236, Query: What is the part number for the Fender?",HTM-2
"Vehicle VIN: 86481436, Query: What is the part number for the Table Kit?",1640001-S
"Vehicle VIN: 73533585, Query: What is the part number for the Table Kit?",11860-1
"Vehicle VIN: 82240960, Query: What is the part number for the Decking?",MM-VINYL-STD
"Vehicle VIN: 11498027, Query: What is the part number for the Decking?",IWP-WV-PREM
"Vehicle VIN: 73348604, Query: What is the part number for the Ski Tow Pylon?",11950-1
"Vehicle VIN: 19346902, Query: What is the part number for the Swim Platform Ladder?",19800
"Vehicle VIN: 45121888, Query: What is the part number for the Steering Wheel?",273200-1
"Vehicle VIN: 81657344, Query: What is the part number for the Steering Wheel?",7241315
"Vehicle VIN: 60738986, Query: What is the part number for the Helm Chair?",8WD100-710
"Vehicle VIN: 87700260, Query: What is the part number for the Helm Chair?",Bandera Series
"Vehicle VIN: 48612609, Query: What is the part number for the Throttle Control?",3000 Series
"Vehicle VIN: 30493002, Query: What is the part number for the Throttle Control?",8M0059367
"Vehicle VIN: 28943060, Query: What is the part number for the Gauge Cluster?",GP7976A
"Vehicle VIN: 76542826, Query: What is the part number for the Gauge Cluster?",8M0107548
"Vehicle VIN: 13278356, Query: What is the part number for the Dash Panel?",11860-4
"Vehicle VIN: 72366849, Query: What is the part number for the Dash Panel?",NWM-DP-CUST
"Vehicle VIN: 43306754, Query: What is the part number for the Cup Holder?",325100-1
"Vehicle VIN: 55154180, Query: What is the part number for the Cup Holder?",20400
"Vehicle VIN: 91184725, Query: What is the part number for the Steering Cable?",SSC13415
"Vehicle VIN: 74898909, Query: What is the part number for the Hydraulic Steering System?",HH5770
"Vehicle VIN: 63495170, Query: What is the part number for the Horn Button?",420420-1
"Vehicle VIN: 92515463, Query: What is the part number for the Accessory Switch Panel?",4378
"Vehicle VIN: 77793900, Query: Remind me what the bimini top's description is",8'x8' Standard Bimini Top
"Vehicle VIN: 30482682, Query: What is the description of the Bimini Top?",Power Bimini Top
"Vehicle VIN: 77563378, Query: What is the description of the Mooring Cover?",Standard Fit Mooring Cover
"Vehicle VIN: 12554595, Query: What is the description of the Mooring Cover?",Custom Fit Mooring Cover
"Vehicle VIN: 88099287, Query: What is the description of the Seat Cover Set?",Universal Fit Seat Covers (Set of 6)
"Vehicle VIN: 64896163, Query: What is the description of the Seat Cover Set?",Custom Fit Seat Covers (Set of 8)
"Vehicle VIN: 33952407, Query: What is the description of the Bimini Boot?",Standard Bimini Boot
"Vehicle VIN: 28115647, Query: What is the description of the Bimini Boot?",Premium Bimini Boot
"Vehicle VIN: 18803692, Query: What is the description of the Boat Cover Support Pole?",Adjustable Boat Cover Support Pole
"Vehicle VIN: 18965298, Query: What is the description of the Snap Fastener Kit?",Marine Snap Fastener Kit
"Vehicle VIN: 36484469, Query: What is the description of the Bilge Pump?",Automatic Bilge Pump
"Vehicle VIN: 33304294, Query: What is the description of the Bilge Pump?",Automatic Bilge Pump
"Vehicle VIN: 54101022, Query: What is the description of the Fuse Block?",ST Blade Fuse Block
"Vehicle VIN: 41475662, Query: What is the description of the Fuse Block?",ST Blade Fuse Block
"Vehicle VIN: 39975188, Query: What is the description of the Navigation Lights?",LED Bi-Color Bow Light
"Vehicle VIN: 39116687, Query: What is the description of the Navigation Lights?",LED Navigation Light Set
"Vehicle VIN: 64140154, Query: What is the description of the Docking Lights?",Recessed Docking Lights
"Vehicle VIN: 93224945, Query: What is the description of the Docking Lights?",LED Docking Light
"Vehicle VIN: 48797942, Query: What is the description of the Courtesy Lights?",Capri LED Courtesy Light
"Vehicle VIN: 63922925, Query: What is the description of the Courtesy Lights?",LED Courtesy Strip Light
"Vehicle VIN: 75186024, Query: What is the description of the Battery?",Marine Cranking Battery
"Vehicle VIN: 90673765, Query: What is the description of the Battery?",Marine & RV Deep Cycle Battery
"Vehicle VIN: 92867074, Query: What is the description of the Battery?",LiFePO4 Deep Cycle Battery
"Vehicle VIN: 20353997, Query: What is the description of the Battery Switch?",Battery Disconnect Switch
"Vehicle VIN: 63049065, Query: What is the description of the Battery Switch?",m-Series Battery Switch
"Vehicle VIN: 35971095, Query: What is the description of the Shore Power Inlet?",30 Amp
"Vehicle VIN: 23313486, Query: What is the description of the Battery Charger?",2 Bank x 5 Amp On-Board Charger
"Vehicle VIN: 31988613, Query: What is the description of the Outboard Engine?",115 HP FourStroke Outboard
"Vehicle VIN: 20954511, Query: What is the description of the Outboard Engine?",200 HP FourStroke Outboard
"Vehicle VIN: 12172990, Query: What is the description of the Propeller?",Amita 3 Aluminum Propeller
"Vehicle VIN: 75062769, Query: What is the description of the Propeller?",Enertia Stainless Steel Propeller
"Vehicle VIN: 38859332, Query: What is the description of the Fuel Tank?",Portable Fuel Tank
"Vehicle VIN: 47824703, Query: What is the description of the Fuel Tank?",Permanent Aluminum Fuel Tank
"Vehicle VIN: 57056097, Query: What is the description of the Fuel Line Assembly?",Fuel Line Assembly
"Vehicle VIN: 30418538, Query: What is the description of the Fuel Filter/Water Separator?",Fuel Filter/Water Separator
"Vehicle VIN: 74414654, Query: What is the description of the Trolling Motor?",55 lb Thrust
"Vehicle VIN: 92191820, Query: What is the description of the Power Pole Shallow Water Anchor?",Precision Shallow water anchor with 8ft depth range
"Vehicle VIN: 70238679, Query: What is the description of the Life Jacket?",General Purpose Life Vest
"Vehicle VIN: 13293737, Query: What is the description of the Life Jacket?",Recreational PFD
"Vehicle VIN: 73278274, Query: What is the description of the Throwable Flotation Device?",Type IV Throwable Cushion
"Vehicle VIN: 42334519, Query: What is the description of the Fire Extinguisher?",Marine Fire Extinguisher
"Vehicle VIN: 25140803, Query: What is the description of the Horn?",Air Horn
"Vehicle VIN: 16327034, Query: What is the description of the Horn?",Dual Trumpet Electric Horn
"Vehicle VIN: 77120609, Query: What is the description of the First Aid Kit?",Marine 150 First Aid Kit
"Vehicle VIN: 88856370, Query: What is the description of the First Aid Kit?",MyFAK Pro Waterproof First Aid Kit
"Vehicle VIN: 49947042, Query: What is the description of the Emergency Paddle?",Telescoping Paddle
"Vehicle VIN: 61210141, Query: What is the description of the Air Horn?",Air Horn with Canister
"Vehicle VIN: 63987778, Query: What is the description of the MFD?",7-inch Fishfinder with GPS Plotter
"Vehicle VIN: 76504744, Query: What is the description of the MFD?",10-inch Chartplotter with Sonar
"Vehicle VIN: 60476924, Query: What is the description of the GPS/Fishfinder Combo?",Down Imaging Fishfinder with GPS
"Vehicle VIN: 72328768, Query: What is the description of the GPS/Fishfinder Combo?",7-inch Chartplotter with Active Imaging
"Vehicle VIN: 87421260, Query: What is the description of the VHF Radio?",Eclipse GX1400GPS VHF
"Vehicle VIN: 55116098, Query: What is the description of the VHF Radio?",Handheld VHF with AIS Receiver
"Vehicle VIN: 24204592, Query: What is the description of the Speakers?",6.5-inch Marine Coaxial Speakers
"Vehicle VIN: 54885576, Query: What is the description of the Speakers?",6.5-inch Marine Coaxial Speakers
"Vehicle VIN: 88132607, Query: What is the description of the Amplifier?",4-Channel Marine Amplifier
"Vehicle VIN: 18929335, Query: What is the description of the Amplifier?",5-Channel Marine Amplifier
"Vehicle VIN: 93982028, Query: What is the description of the Head Unit?",Marine CD/MP3 Player
"Vehicle VIN: 40040682, Query: What is the description of the Head Unit?",Marine Stereo with Apple AirPlay
"Vehicle VIN: 90922663, Query: What is the description of the Marine Amplifier?",Mono Marine Amplifier
"Vehicle VIN: 47889557, Query: What is the description of the Marine Subwoofer?",10-inch Marine Subwoofer
"Vehicle VIN: 18345721, Query: What is the description of the Anchor?",Fluke Anchor
"Vehicle VIN: 42314748, Query: What is the description of the Anchor?",Folding Box Anchor
"Vehicle VIN: 54134343, Query: What is the description of the Anchor Line?",Nylon Anchor Line
"Vehicle VIN: 27166033, Query: What is the description of the Anchor Line?",Anchor Line with Chain
"Vehicle VIN: 39050125, Query: What is the description of the Cleat?",Stainless Steel Cleat
"Vehicle VIN: 53949364, Query: What is the description of the Cleat?",Pop-Up Cleat
"Vehicle VIN: 64922218, Query: What is the description of the Ladder?",3-Step Telescoping Ladder
"Vehicle VIN: 69970433, Query: What is the description of the Ladder?",4-Step Telescoping Ladder
"Vehicle VIN: 66031962, Query: What is the description of the Fender?",Boat Fender
"Vehicle VIN: 77883805, Query: What is the description of the Fender?",HTM Series Boat Fender
"Vehicle VIN: 69753204, Query: What is the description of the Table Kit?",Table Pedestal Kit
"Vehicle VIN: 72760487, Query: What is the description of the Table Kit?",Adjustable Table Pedestal Kit
"Vehicle VIN: 18407664, Query: What is the description of the Decking?",Standard Marine Vinyl Flooring
"Vehicle VIN: 78831577, Query: What is the description of the Decking?",Luxury Woven Vinyl Flooring
"Vehicle VIN: 14832310, Query: What is the description of the Ski Tow Pylon?",Removable Ski Tow Pylon
"Vehicle VIN: 80782963, Query: What is the description of the Swim Platform Ladder?",Under Platform Slide Mount Ladder
"Vehicle VIN: 20939725, Query: What is the description of the Steering Wheel?",3-Spoke Steering Wheel
"Vehicle VIN: 17791799, Query: What is the description of the Steering Wheel?",Schmitt Elite Steering Wheel
"Vehicle VIN: 26466925, Query: What is the description of the Helm Chair?",Folding High Back Boat Seat
"Vehicle VIN: 37472031, Query: What is the description of the Helm Chair?",Bandera Series Helm Chair
"Vehicle VIN: 88395487, Query: What is the description of the Throttle Control?",Single Lever Control
"Vehicle VIN: 36517820, Query: What is the description of the Throttle Control?",Digital Throttle & Shift (DTS) Control
"Vehicle VIN: 48595408, Query: What is the description of the Gauge Cluster?",Analog Gauge Set
"Vehicle VIN: 42303016, Query: What is the description of the Gauge Cluster?",VesselView Mobile
"Vehicle VIN: 51534409, Query: What is the description of the Dash Panel?",Standard Dash Panel
"Vehicle VIN: 48152435, Query: What is the description of the Dash Panel?",Custom Acrylic Dash Panel
"Vehicle VIN: 59125290, Query: What is the description of the Cup Holder?",Recessed Cup Holder
"Vehicle VIN: 86670133, Query: What is the description of the Cup Holder?",Stainless Steel Cup Holder
"Vehicle VIN: 64716990, Query: What is the description of the Steering Cable?",Rotary Steering Cable
"Vehicle VIN: 92777548, Query: What is the description of the Hydraulic Steering System?",Hydraulic Steering System
"Vehicle VIN: 47504322, Query: What is the description of the Horn Button?",Horn Button
"Vehicle VIN: 98304749, Query: What is the description of the Accessory Switch Panel?",Toggle Switch Panel
"Vehicle VIN: 19342104, Query: Give me the measurments of the bimini top",8'L x 8'W
"Vehicle VIN: 72297265, Query: What are the measurements of the Bimini Top?",10'L x 8.5'W
"Vehicle VIN: 18323395, Query: What are the specifications of the Mooring Cover?",20-22ft Pontoon
"Vehicle VIN: 86595995, Query: What are the measurements of the Mooring Cover?",24-26ft Pontoon
"Vehicle VIN: 47428673, Query: What are the specifications of the Seat Cover Set?",Fits most pontoon seats
"Vehicle VIN: 35436188, Query: What are the measurements of the Seat Cover Set?",Custom measured
"Vehicle VIN: 31763970, Query: What are the specifications of the Bimini Boot?",8' Bimini
"Vehicle VIN: 40963114, Query: What are the measurements of the Bimini Boot?",10' Bimini
"Vehicle VIN: 26447156, Query: What are the specifications of the Boat Cover Support Pole?",24-54 inch
"Vehicle VIN: 46554814, Query: What are the measurements of the Snap Fastener Kit?",Various sizes
"Vehicle VIN: 76647077, Query: What are the specifications of the Bilge Pump?",500 GPH
"Vehicle VIN: 29342146, Query: What are the measurements of the Bilge Pump?",1100 GPH
"Vehicle VIN: 55407375, Query: What are the specifications of the Fuse Block?",6-Circuit with Cover
"Vehicle VIN: 49086876, Query: What are the measurements of the Fuse Block?",12-Circuit with Cover and Negative Bus
"Vehicle VIN: 82591902, Query: What are the specifications of the Navigation Lights?",12V
"Vehicle VIN: 22477439, Query: What are the measurements of the Navigation Lights?",2NM
"Vehicle VIN: 88718335, Query: What are the specifications of the Docking Lights?",Halogen
"Vehicle VIN: 49518765, Query: What are the measurements of the Docking Lights?",Stainless Steel
"Vehicle VIN: 85400976, Query: What are the specifications of the Courtesy Lights?",White
"Vehicle VIN: 33854060, Query: What are the measurements of the Courtesy Lights?",Blue
"Vehicle VIN: 45149408, Query: What are the specifications of the Battery?",800 CCA
"Vehicle VIN: 36793061, Query: What are the measurements of the Battery?",115 AH
"Vehicle VIN: 48870650, Query: What are the specifications of the Battery?",100 AH
"Vehicle VIN: 44899930, Query: What are the measurements of the Battery Switch?",Single Circuit
"Vehicle VIN: 56784024, Query: What are the specifications of the Battery Switch?",Dual Circuit Plus
"Vehicle VIN: 57497465, Query: What are the measurements of the Shore Power Inlet?","125V Shore Power Inlet, 30 Amp"
"Vehicle VIN: 51144716, Query: What are the specifications of the Battery Charger?",10 Amps total
"Vehicle VIN: 84681992, Query: What are the measurements of the Outboard Engine?",115 HP
"Vehicle VIN: 52254459, Query: What are the specifications of the Outboard Engine?",200 HP
"Vehicle VIN: 72620113, Query: What are the measurements of the Propeller?",13 Dia x 19 Pitch
"Vehicle VIN: 96556891, Query: What are the specifications of the Propeller?",14.5 Dia x 17 Pitch
"Vehicle VIN: 67238800, Query: What are the measurements of the Fuel Tank?",12 Gallon
"Vehicle VIN: 23979949, Query: What are the specifications of the Fuel Tank?",30 Gallon
"Vehicle VIN: 74894178, Query: What are the measurements of the Fuel Line Assembly?",8 ft
"Vehicle VIN: 43918175, Query: What are the specifications of the Fuel Filter/Water Separator?",10 Micron
"Vehicle VIN: 78615422, Query: What are the measurements of the Trolling Motor?",54 inch Shaft
"Vehicle VIN: 26770004, Query: What are the specifications of the Power Pole Shallow Water Anchor?",8 ft Depth
"Vehicle VIN: 38621848, Query: What are the measurements of the Life Jacket?",Adult Universal
"Vehicle VIN: 89015948, Query: What are the specifications of the Life Jacket?",Adult Universal
"Vehicle VIN: 35046495, Query: What are the measurements of the Throwable Flotation Device?","16.5"" x 15"" x 2.5"""
"Vehicle VIN: 24459014, Query: What are the specifications of the Fire Extinguisher?",UL Rated 5-B:C
"Vehicle VIN: 42348099, Query: What are the measurements of the Horn?",118 dB
"Vehicle VIN: 54425688, Query: What are the specifications of the Horn?",12V
"Vehicle VIN: 38365617, Query: What are the measurements of the First Aid Kit?",1-2 people
"Vehicle VIN: 72364458, Query: What are the specifications of the First Aid Kit?",Comprehensive
"Vehicle VIN: 53724721, Query: What are the measurements of the Emergency Paddle?",20-45 inch
"Vehicle VIN: 56699754, Query: What are the specifications of the Air Horn?",120 dB
"Vehicle VIN: 25755999, Query: What are the measurements of the MFD?",7-inch display
"Vehicle VIN: 62549449, Query: What are the specifications of the MFD?",10-inch display
"Vehicle VIN: 78355561, Query: What are the measurements of the GPS/Fishfinder Combo?",4.3-inch display
"Vehicle VIN: 56337919, Query: What are the specifications of the GPS/Fishfinder Combo?",7-inch display
"Vehicle VIN: 50601506, Query: What are the measurements of the VHF Radio?",Fixed Mount with GPS
"Vehicle VIN: 94920118, Query: What are the specifications of the VHF Radio?",Handheld
"Vehicle VIN: 78108526, Query: What are the measurements of the Speakers?",6.5-inch
"Vehicle VIN: 24392650, Query: What are the specifications of the Speakers?",6.5-inch
"Vehicle VIN: 63918193, Query: What are the measurements of the Amplifier?",400W
"Vehicle VIN: 89983424, Query: What are the specifications of the Amplifier?",700W
"Vehicle VIN: 36013971, Query: What are the measurements of the Head Unit?",Bluetooth
"Vehicle VIN: 17341984, Query: What are the specifications of the Head Unit?",Touchscreen
"Vehicle VIN: 26541128, Query: What are the measurements of the Marine Amplifier?",600W RMS
"Vehicle VIN: 35280754, Query: What are the specifications of the Marine Subwoofer?",250W RMS
"Vehicle VIN: 89367560, Query: What are the measurements of the Anchor?",7 lb
"Vehicle VIN: 62225090, Query: What are the specifications of the Anchor?",15 lb
"Vehicle VIN: 38175743, Query: What are the measurements of the Anchor Line?","3/8"" x 100 ft"
"Vehicle VIN: 55727164, Query: What are the specifications of the Anchor Line?","1/2"" x 150 ft rope, 15 ft chain"
"Vehicle VIN: 34664889, Query: What are the measurements of the Cleat?",6 inch
"Vehicle VIN: 59914101, Query: What are the specifications of the Cleat?",6 inch
"Vehicle VIN: 98294426, Query: What are the measurements of the Ladder?",Stainless Steel
"Vehicle VIN: 54044084, Query: What are the specifications of the Ladder?",Stainless Steel
"Vehicle VIN: 71821248, Query: What are the measurements of the Fender?","6.5"" x 22"""
"Vehicle VIN: 73724315, Query: What are the specifications of the Fender?","8.5"" x 20"""
"Vehicle VIN: 89179808, Query: What are the measurements of the Table Kit?","27"" x 16"" table top"
"Vehicle VIN: 10475155, Query: What are the specifications of the Table Kit?","30"" x 18"" table top"
"Vehicle VIN: 17118578, Query: What are the measurements of the Decking?",Per sq ft
"Vehicle VIN: 94428719, Query: What are the specifications of the Decking?",Per sq ft
"Vehicle VIN: 91969862, Query: What are the measurements of the Ski Tow Pylon?",Adjustable Height
"Vehicle VIN: 22109771, Query: What are the specifications of the Swim Platform Ladder?",4-Step
"Vehicle VIN: 39628942, Query: What are the measurements of the Steering Wheel?",13.5 inch
"Vehicle VIN: 16470465, Query: What are the specifications of the Steering Wheel?",15 inch
"Vehicle VIN: 16984478, Query: What are the measurements of the Helm Chair?",White
"Vehicle VIN: 38071449, Query: What are the specifications of the Helm Chair?",Adjustable
"Vehicle VIN: 37945861, Query: What are the measurements of the Throttle Control?",Side Mount
"Vehicle VIN: 53626823, Query: What are the measurements of the Throttle Control?",Panel Mount
"Vehicle VIN: 55562139, Query: What are the measurements of the Gauge Cluster?",Fuel
"Vehicle VIN: 24557732, Query: What are the specifications of the Gauge Cluster?",Digital Display
"Vehicle VIN: 60472193, Query: What are the measurements of the Dash Panel?",Black
"Vehicle VIN: 21498368, Query: What are the specifications of the Dash Panel?",Custom Cut
"Vehicle VIN: 96518809, Query: What are the measurements of the Cup Holder?",White Plastic
"Vehicle VIN: 12348018, Query: What are the specifications of the Cup Holder?",Polished Stainless
"Vehicle VIN: 24199862, Query: What are the measurements of the Steering Cable?",15 ft
"Vehicle VIN: 97849547, Query: What are the specifications of the Hydraulic Steering System?",Up to 350 HP
"Vehicle VIN: 20624508, Query: What are the measurements of the Horn Button?",Chrome
"Vehicle VIN: 19106818, Query: What are the specifications of the Accessory Switch Panel?",4 Position
"Vehicle VIN: 40161538, Query: How much does the bimini top cost us as dealers?",350
"Vehicle VIN: 72326299, Query: What is the dealer cost for the Bimini Top?",850
"Vehicle VIN: 15687816, Query: What is the dealer cost for the Mooring Cover?",250
"Vehicle VIN: 59748432, Query: What is the dealer cost for the Mooring Cover?",500
"Vehicle VIN: 71628108, Query: What is the dealer cost for the Seat Cover Set?",100
"Vehicle VIN: 42277768, Query: What is the dealer cost for the Seat Cover Set?",200
"Vehicle VIN: 11592007, Query: What is the dealer cost for the Bimini Boot?",30
"Vehicle VIN: 38359784, Query: What is the dealer cost for the Bimini Boot?",60
"Vehicle VIN: 84185841, Query: What is the dealer cost for the Boat Cover Support Pole?",14
"Vehicle VIN: 53654389, Query: What is the dealer cost for the Snap Fastener Kit?",25
"Vehicle VIN: 79687371, Query: What is the dealer cost for the Bilge Pump?",25
"Vehicle VIN: 25750166, Query: What is the dealer cost for the Bilge Pump?",55
"Vehicle VIN: 50915544, Query: What is the dealer cost for the Fuse Block?",20
"Vehicle VIN: 30222930, Query: What is the dealer cost for the Fuse Block?",40
"Vehicle VIN: 12071073, Query: What is the dealer cost for the Navigation Lights?",50
"Vehicle VIN: 95813704, Query: What is the dealer cost for the Navigation Lights?",100
"Vehicle VIN: 41586256, Query: What is the dealer cost for the Docking Lights?",60
"Vehicle VIN: 13404584, Query: What is the dealer cost for the Docking Lights?",140
"Vehicle VIN: 24115592, Query: What is the dealer cost for the Courtesy Lights?",15
"Vehicle VIN: 41369027, Query: What is the dealer cost for the Courtesy Lights?",35
"Vehicle VIN: 20197609, Query: What is the dealer cost for the Battery?",100
"Vehicle VIN: 91310955, Query: What is the dealer cost for the Battery?",120
"Vehicle VIN: 37556168, Query: What is the dealer cost for the Battery?",600
"Vehicle VIN: 61557445, Query: What is the dealer cost for the Battery Switch?",25
"Vehicle VIN: 63750754, Query: What is the dealer cost for the Battery Switch?",55
"Vehicle VIN: 32979112, Query: What is the dealer cost for the Shore Power Inlet?",100
"Vehicle VIN: 65981205, Query: What is the dealer cost for the Battery Charger?",200
"Vehicle VIN: 45797644, Query: What is the dealer cost for the Outboard Engine?",9000
"Vehicle VIN: 39508028, Query: What is the dealer cost for the Outboard Engine?",18000
"Vehicle VIN: 33155278, Query: What is the dealer cost for the Propeller?",100
"Vehicle VIN: 47098907, Query: What is the dealer cost for the Propeller?",280
"Vehicle VIN: 83161703, Query: What is the dealer cost for the Fuel Tank?",70
"Vehicle VIN: 75063352, Query: What is the dealer cost for the Fuel Tank?",350
"Vehicle VIN: 62115498, Query: What is the dealer cost for the Fuel Line Assembly?",35
"Vehicle VIN: 82912225, Query: What is the dealer cost for the Fuel Filter/Water Separator?",28
"Vehicle VIN: 46515292, Query: What is the dealer cost for the Trolling Motor?",550
"Vehicle VIN: 97315721, Query: What is the dealer cost for the Power Pole Shallow Water Anchor?",1200
"Vehicle VIN: 97412827, Query: What is the dealer cost for the Life Jacket?",20
"Vehicle VIN: 66673435, Query: What is the dealer cost for the Life Jacket?",50
"Vehicle VIN: 95758226, Query: What is the dealer cost for the Throwable Flotation Device?",18
"Vehicle VIN: 29699423, Query: What is the dealer cost for the Fire Extinguisher?",30
"Vehicle VIN: 43352808, Query: What is the dealer cost for the Horn?",10
"Vehicle VIN: 23248918, Query: What is the dealer cost for the Horn?",55
"Vehicle VIN: 28968981, Query: What is the dealer cost for the First Aid Kit?",25
"Vehicle VIN: 31162291, Query: What is the dealer cost for the First Aid Kit?",70
"Vehicle VIN: 58932880, Query: What is the dealer cost for the Emergency Paddle?",18
"Vehicle VIN: 43953322, Query: What is the dealer cost for the Air Horn?",10
"Vehicle VIN: 64782300, Query: What is the dealer cost for the MFD?",550
"Vehicle VIN: 28353117, Query: What is the dealer cost for the MFD?",1800
"Vehicle VIN: 37028244, Query: What is the dealer cost for the GPS/Fishfinder Combo?",200
"Vehicle VIN: 81314606, Query: What is the dealer cost for the GPS/Fishfinder Combo?",700
"Vehicle VIN: 80054909, Query: What is the dealer cost for the VHF Radio?",140
"Vehicle VIN: 77596052, Query: What is the dealer cost for the VHF Radio?",210
"Vehicle VIN: 76737550, Query: What is the dealer cost for the Speakers?",70
"Vehicle VIN: 73097580, Query: What is the dealer cost for the Speakers?",200
"Vehicle VIN: 97182944, Query: What is the dealer cost for the Amplifier?",175
"Vehicle VIN: 10806805, Query: What is the dealer cost for the Amplifier?",420
"Vehicle VIN: 13225860, Query: What is the dealer cost for the Head Unit?",100
"Vehicle VIN: 40770704, Query: What is the dealer cost for the Head Unit?",280
"Vehicle VIN: 75794298, Query: What is the dealer cost for the Marine Amplifier?",280
"Vehicle VIN: 75128204, Query: What is the dealer cost for the Marine Subwoofer?",175
"Vehicle VIN: 53666542, Query: What is the dealer cost for the Anchor?",35
"Vehicle VIN: 47374150, Query: What is the dealer cost for the Anchor?",100
"Vehicle VIN: 83436945, Query: What is the dealer cost for the Anchor Line?",20
"Vehicle VIN: 42115901, Query: What is the dealer cost for the Anchor Line?",55
"Vehicle VIN: 79653892, Query: What is the dealer cost for the Cleat?",14
"Vehicle VIN: 78827640, Query: What is the dealer cost for the Cleat?",40
"Vehicle VIN: 75219919, Query: What is the dealer cost for the Ladder?",70
"Vehicle VIN: 99273033, Query: What is the dealer cost for the Ladder?",120
"Vehicle VIN: 62835548, Query: What is the dealer cost for the Fender?",18
"Vehicle VIN: 15315950, Query: What is the dealer cost for the Fender?",35
"Vehicle VIN: 41381181, Query: What is the dealer cost for the Table Kit?",80
"Vehicle VIN: 77884388, Query: What is the dealer cost for the Table Kit?",200
"Vehicle VIN: 58739738, Query: What is the dealer cost for the Decking?",10
"Vehicle VIN: 85475268, Query: What is the dealer cost for the Decking?",20
"Vehicle VIN: 29244222, Query: What is the dealer cost for the Ski Tow Pylon?",140
"Vehicle VIN: 23181717, Query: What is the dealer cost for the Swim Platform Ladder?",175
"Vehicle VIN: 23921475, Query: What is the dealer cost for the Steering Wheel?",55
"Vehicle VIN: 63555670, Query: What is the dealer cost for the Steering Wheel?",175
"Vehicle VIN: 18604661, Query: What is the dealer cost for the Helm Chair?",200
"Vehicle VIN: 65313559, Query: What is the dealer cost for the Helm Chair?",550
"Vehicle VIN: 38985557, Query: What is the dealer cost for the Throttle Control?",100
"Vehicle VIN: 52929188, Query: What is the dealer cost for the Throttle Control?",1000
"Vehicle VIN: 89249977, Query: What is the dealer cost for the Gauge Cluster?",140
"Vehicle VIN: 71125952, Query: What is the dealer cost for the Gauge Cluster?",400
"Vehicle VIN: 59689962, Query: What is the dealer cost for the Dash Panel?",70
"Vehicle VIN: 88484511, Query: What is the dealer cost for the Dash Panel?",200
"Vehicle VIN: 67345342, Query: What is the dealer cost for the Cup Holder?",7
"Vehicle VIN: 13146001, Query: What is the dealer cost for the Cup Holder?",20
"Vehicle VIN: 70477839, Query: What is the dealer cost for the Steering Cable?",50
"Vehicle VIN: 95759298, Query: What is the dealer cost for the Hydraulic Steering System?",700
"Vehicle VIN: 11588508, Query: What is the dealer cost for the Horn Button?",10
"Vehicle VIN: 92506439, Query: What is the dealer cost for the Accessory Switch Panel?",40
"Vehicle VIN: 49183089, Query: How long will it take to get a bimini top in from the supplier?",7
"Vehicle VIN: 41056628, Query: What is the lead time for the Bimini Top?",14
"Vehicle VIN: 14546995, Query: How long is the lead time for the Mooring Cover?",10
"Vehicle VIN: 98742482, Query: What is the lead time for the Mooring Cover?",21
"Vehicle VIN: 34743215, Query: How long is the lead time for the Seat Cover Set?",5
"Vehicle VIN: 29531336, Query: What is the lead time for the Seat Cover Set?",14
"Vehicle VIN: 50102319, Query: How long is the lead time for the Bimini Boot?",3
"Vehicle VIN: 37186716, Query: What is the lead time for the Bimini Boot?",7
"Vehicle VIN: 22606259, Query: How long is the lead time for the Boat Cover Support Pole?",3
"Vehicle VIN: 34127350, Query: What is the lead time for the Snap Fastener Kit?",7
"Vehicle VIN: 57377106, Query: How long is the lead time for the Bilge Pump?",5
"Vehicle VIN: 86429649, Query: What is the lead time for the Bilge Pump?",7
"Vehicle VIN: 53801755, Query: How long is the lead time for the Fuse Block?",3
"Vehicle VIN: 58675595, Query: What is the lead time for the Fuse Block?",5
"Vehicle VIN: 94738389, Query: How long is the lead time for the Navigation Lights?",7
"Vehicle VIN: 86384819, Query: What is the lead time for the Navigation Lights?",10
"Vehicle VIN: 88803874, Query: How long is the lead time for the Docking Lights?",7
"Vehicle VIN: 16581039, Query: What is the lead time for the Docking Lights?",10
"Vehicle VIN: 61372311, Query: How long is the lead time for the Courtesy Lights?",5
"Vehicle VIN: 34004098, Query: What is the lead time for the Courtesy Lights?",7
"Vehicle VIN: 18992291, Query: How long is the lead time for the Battery?",3
"Vehicle VIN: 27699667, Query: What is the lead time for the Battery?",3
"Vehicle VIN: 15997424, Query: How long is the lead time for the Battery?",14
"Vehicle VIN: 89185831, Query: What is the lead time for the Battery Switch?",5
"Vehicle VIN: 68235224, Query: How long is the lead time for the Battery Switch?",7
"Vehicle VIN: 43895393, Query: What is the lead time for the Shore Power Inlet?",7
"Vehicle VIN: 40545668, Query: How long is the lead time for the Battery Charger?",10
"Vehicle VIN: 51808767, Query: What is the lead time for the Outboard Engine?",21
"Vehicle VIN: 28419291, Query: How long is the lead time for the Outboard Engine?",28
"Vehicle VIN: 70641698, Query: What is the lead time for the Propeller?",7
"Vehicle VIN: 88451112, Query: How long is the lead time for the Propeller?",10
"Vehicle VIN: 66465719, Query: What is the lead time for the Fuel Tank?",5
"Vehicle VIN: 15809672, Query: How long is the lead time for the Fuel Tank?",14
"Vehicle VIN: 50801016, Query: What is the lead time for the Fuel Line Assembly?",3
"Vehicle VIN: 17825556, Query: How long is the lead time for the Fuel Filter/Water Separator?",5
"Vehicle VIN: 87835247, Query: What is the lead time for the Trolling Motor?",14
"Vehicle VIN: 79247223, Query: How long is the lead time for the Power Pole Shallow Water Anchor?",21
"Vehicle VIN: 72389268, Query: What is the lead time for the Life Jacket?",3
"Vehicle VIN: 95988634, Query: How long is the lead time for the Life Jacket?",7
"Vehicle VIN: 42635758, Query: What is the lead time for the Throwable Flotation Device?",3
"Vehicle VIN: 53866607, Query: How long is the lead time for the Fire Extinguisher?",5
"Vehicle VIN: 50742627, Query: What is the lead time for the Horn?",3
"Vehicle VIN: 74827992, Query: How long is the lead time for the Horn?",7
"Vehicle VIN: 56703966, Query: What is the lead time for the First Aid Kit?",5
"Vehicle VIN: 68265566, Query: How long is the lead time for the First Aid Kit?",10
"Vehicle VIN: 83132314, Query: What is the lead time for the Emergency Paddle?",3
"Vehicle VIN: 52923355, Query: How long is the lead time for the Air Horn?",3
"Vehicle VIN: 21979601, Query: What is the lead time for the MFD?",7
"Vehicle VIN: 47800036, Query: How long is the lead time for the MFD?",14
"Vehicle VIN: 81337313, Query: What is the lead time for the GPS/Fishfinder Combo?",5
"Vehicle VIN: 12166291, Query: How long is the lead time for the GPS/Fishfinder Combo?",10
"Vehicle VIN: 11082044, Query: What is the lead time for the VHF Radio?",7
"Vehicle VIN: 26505287, Query: How long is the lead time for the VHF Radio?",10
"Vehicle VIN: 83611379, Query: What is the lead time for the Speakers?",5
"Vehicle VIN: 40868516, Query: How long is the lead time for the Speakers?",7
"Vehicle VIN: 14572763, Query: What is the lead time for the Amplifier?",7
"Vehicle VIN: 40573496, Query: How long is the lead time for the Amplifier?",10
"Vehicle VIN: 52167344, Query: What is the lead time for the Head Unit?",5
"Vehicle VIN: 22909336, Query: How long is the lead time for the Head Unit?",7
"Vehicle VIN: 34761179, Query: What is the lead time for the Marine Amplifier?",10
"Vehicle VIN: 51950116, Query: How long is the lead time for the Marine Subwoofer?",7
"Vehicle VIN: 54957400, Query: What is the lead time for the Anchor?",5
"Vehicle VIN: 63207387, Query: How long is the lead time for the Anchor?",7
"Vehicle VIN: 59236666, Query: What is the lead time for the Anchor Line?",3
"Vehicle VIN: 82887618, Query: How long is the lead time for the Anchor Line?",7
"Vehicle VIN: 64505875, Query: What is the lead time for the Cleat?",3
"Vehicle VIN: 67545406, Query: How long is the lead time for the Cleat?",7
"Vehicle VIN: 22706340, Query: What is the lead time for the Ladder?",5
"Vehicle VIN: 86378338, Query: How long is the lead time for the Ladder?",7
"Vehicle VIN: 22411320, Query: What is the lead time for the Fender?",3
"Vehicle VIN: 81944366, Query: How long is the lead time for the Fender?",5
"Vehicle VIN: 18714730, Query: What is the lead time for the Table Kit?",7
"Vehicle VIN: 13470604, Query: How long is the lead time for the Table Kit?",10
"Vehicle VIN: 22435974, Query: What is the lead time for the Decking?",7
"Vehicle VIN: 33731322, Query: How long is the lead time for the Decking?",14
"Vehicle VIN: 83664146, Query: What is the lead time for the Ski Tow Pylon?",7
"Vehicle VIN: 31496234, Query: How long is the lead time for the Swim Platform Ladder?",10
"Vehicle VIN: 53373475, Query: What is the lead time for the Steering Wheel?",5
"Vehicle VIN: 35023981, Query: How long is the lead time for the Steering Wheel?",7
"Vehicle VIN: 38031264, Query: What is the lead time for the Helm Chair?",7
"Vehicle VIN: 43130850, Query: How long is the lead time for the Helm Chair?",14
"Vehicle VIN: 40240643, Query: What is the lead time for the Throttle Control?",5
"Vehicle VIN: 82929425, Query: What is the lead time for the Throttle Control?",14
"Vehicle VIN: 60686040, Query: What is the lead time for the Gauge Cluster?",7
"Vehicle VIN: 90520305, Query: How long is the lead time for the Gauge Cluster?",10
"Vehicle VIN: 45279329, Query: What is the lead time for the Dash Panel?",5
"Vehicle VIN: 94306047, Query: How long is the lead time for the Dash Panel?",14
"Vehicle VIN: 15569146, Query: What is the lead time for the Cup Holder?",3
"Vehicle VIN: 65469720, Query: How long is the lead time for the Cup Holder?",5
"Vehicle VIN: 13334058, Query: What is the lead time for the Steering Cable?",5
"Vehicle VIN: 85214451, Query: How long is the lead time for the Hydraulic Steering System?",14
"Vehicle VIN: 40117390, Query: What is the lead time for the Horn Button?",3
"Vehicle VIN: 28350649, Query: How long is the lead time for the Accessory Switch Panel?",5