VIN,Model
48296089,Equipade Base
61981724,Equipade Pro
97980021,Equipade Base
69830599,Equipade Pro
76998315,Equipade Base
77542776,Equipade Pro
64594924,Equipade Family
13971125,Equipade Luxury
61084070,Equipade Base
84301575,Equipade Pro
90324280,Equipade Family
69152860,Equipade Luxury
38241353,Equipade Family
95347445,Equipade Pro
23535033,Equipade Family
25728344,Equipade Pro
31448407,Equipade Family
40647828,Equipade Pro
59348352,Equipade Family
46432749,Equipade Pro
43748146,Equipade Base
42921894,Equipade Base
68171104,Equipade Pro
95417687,Equipade Family
59278750,Equipade Luxury
67986125,Equipade Family
78958980,Equipade Luxury
97436811,Equipade Family
97598415,Equipade Pro
13286231,Equipade Family
70360350,Equipade Pro
43250129,Equipade Family
28302821,Equipade Pro
57097370,Equipade Base
24727468,Equipade Family
16171693,Equipade Base
79351715,Equipade Pro
41116574,Equipade Family
49791700,Equipade Luxury
60796804,Equipade Family
57466099,Equipade Family
11752460,Equipade Family
23857881,Equipade Luxury
95706024,Equipade Base
20605021,Equipade Luxury
80363813,Equipade Family
61219164,Equipade Family
26817558,Equipade Base
18294032,Equipade Pro
81441805,Equipade Base
93145316,Equipade Luxury
60137607,Equipade Base
62919145,Equipade Pro
67792985,Equipade Base
83558034,Equipade Luxury
55666608,Equipade Family
77576098,Equipade Luxury
92442844,Equipade Family
61911394,Equipade Luxury
43056989,Equipade Luxury
58658533,Equipade Pro
90131855,Equipade Family
38479933,Equipade Luxury
98238724,Equipade Base
44071634,Equipade Pro
94727870,Equipade Base
49598560,Equipade Luxury
23302808,Equipade Base
37536681,Equipade Luxury
61477875,Equipade Base
32155369,Equipade Pro
52005034,Equipade Base
72834011,Equipade Pro
72007757,Equipade Base
74259379,Equipade Pro
56872738,Equipade Luxury
68756832,Equipade Pro
62464438,Equipade Family
65181478,Equipade Pro
22148371,Equipade Base
59053467,Equipade Pro
98022537,Equipade Family
88094247,Equipade Luxury
27960763,Equipade Family
24587093,Equipade Luxury
43319867,Equipade Base
42461366,Equipade Pro
92652183,Equipade Base
40806766,Equipade Luxury
58850470,Equipade Base
44012020,Equipade Luxury
55275119,Equipade Family
51925393,Equipade Base
63188492,Equipade Family
79828113,Equipade Pro
69932071,Equipade Family
99830837,Equipade Luxury
54331867,Equipade Family
27189397,Equipade Luxury
24299191,Equipade Family
82778073,Equipade Pro
22644590,Equipade Base
90626947,Equipade Pro
51169382,Equipade Base
37145192,Equipade Luxury
33763217,Equipade Base
45252060,Equipade Luxury
21636839,Equipade Base
51802145,Equipade Pro
20176743,Equipade Family
56389707,Equipade Luxury
94512038,Equipade Family
76392431,Equipade Luxury
18123748,Equipade Family
24702431,Equipade Base
92717039,Equipade Luxury
53291721,Equipade Family
89206183,Equipade Pro
44076873,Equipade Family
47342150,Equipade Pro
32014994,Equipade Base
55956189,Equipade Luxury
51695226,Equipade Family
61483115,Equipade Pro
76382111,Equipade Family
58230255,Equipade Luxury
91993276,Equipade Base
62703017,Equipade Family
74587112,Equipade Base
10362099,Equipade Luxury
71011758,Equipade Family
27978651,Equipade Luxury
77119172,Equipade Base
46175415,Equipade Family
85668712,Equipade Base
33533050,Equipade Luxury
45417142,Equipade Family
16126884,Equipade Pro
48549640,Equipade Family
31738049,Equipade Base
46637045,Equipade Base
56424936,Equipade Pro
40074620,Equipade Base
76105166,Equipade Pro
37503407,Equipade Base
40768684,Equipade Pro
97728723,Equipade Base
22486824,Equipade Luxury
85150856,Equipade Base
63165465,Equipade Luxury
69744147,Equipade Family
10135198,Equipade Luxury
83355854,Equipade Luxury
31478189,Equipade Luxury
67691152,Equipade Base
93724132,Equipade Luxury
45978790,Equipade Family
19341231,Equipade Pro
30830075,Equipade Base
39537450,Equipade Pro
94356895,Equipade Base
66988680,Equipade Pro
44971040,Equipade Base
74837555,Equipade Pro
41976173,Equipade Base
40426232,Equipade Pro
13283764,Equipade Base
57784792,Equipade Luxury
75594206,Equipade Luxury
77787515,Equipade Luxury
91404799,Equipade Family
12667899,Equipade Pro
21407524,Equipade Base
98491919,Equipade Pro
98765158,Equipade Base
26808864,Equipade Luxury
64963445,Equipade Base
23813997,Equipade Luxury
24295762,Equipade Base
63280800,Equipade Pro
59907131,Equipade Base
77684296,Equipade Luxury
79845357,Equipade Family
28814429,Equipade Luxury
62697186,Equipade Base
31753430,Equipade Base
10291768,Equipade Base
19111064,Equipade Pro
30995157,Equipade Family
24960483,Equipade Pro
25871838,Equipade Family
26385851,Equipade Pro
47214828,Equipade Base
67064493,Equipade Pro
25652635,Equipade Family
61683181,Equipade Pro
75917054,Equipade Base
46598963,Equipade Luxury
13559005,Equipade Base
40036540,Equipade Luxury
90981137,Equipade Base
60739929,Equipade Luxury
99088006,Equipade Family
39221062,Equipade Luxury
56162873,Equipade Base
37308468,Equipade Luxury
96777015,Equipade Family
99554413,Equipade Family
43553253,Equipade Pro
15661827,Equipade Family
28404538,Equipade Luxury
45367730,Equipade Family
23970566,Equipade Luxury
54908706,Equipade Family
69634555,Equipade Pro
42782330,Equipade Family
32918536,Equipade Pro
89857196,Equipade Base
70712547,Equipade Luxury
40471339,Equipade Base
43280986,Equipade Base
37218479,Equipade Family
49323900,Equipade Pro
93610262,Equipade Base
79094302,Equipade Luxury
65920705,Equipade Family
86685183,Equipade Family
51472379,Equipade Family
24652403,Equipade Pro
14756360,Equipade Family
73726725,Equipade Luxury
12521273,Equipade Family
87573966,Equipade Family
48374394,Equipade Family
27537864,Equipade Pro
33225679,Equipade Family
33387283,Equipade Pro
60932126,Equipade Base
47726280,Equipade Pro
68523007,Equipade Base
35406407,Equipade Luxury
62652991,Equipade Family
86561935,Equipade Luxury
87075949,Equipade Family
84391346,Equipade Pro
71475743,Equipade Luxury
78086915,Equipade Luxury
99375687,Equipade Family
35348017,Equipade Luxury
37541327,Equipade Base
64795927,Equipade Pro
97723317,Equipade Base
78901162,Equipade Pro
57729743,Equipade Family
66774783,Equipade Luxury
88652025,Equipade Base
47105236,Equipade Luxury
86481436,Equipade Base
73533585,Equipade Luxury
82240960,Equipade Family
11498027,Equipade Luxury
73348604,Equipade Pro
19346902,Equipade Luxury
45121888,Equipade Family
81657344,Equipade Pro
60738986,Equipade Family
87700260,Equipade Pro
48612609,Equipade Family
30493002,Equipade Pro
28943060,Equipade Base
76542826,Equipade Pro
13278356,Equipade Family
72366849,Equipade Pro
43306754,Equipade Family
55154180,Equipade Pro
91184725,Equipade Base
74898909,Equipade Pro
63495170,Equipade Base
92515463,Equipade Base
77793900,Equipade Base
30482682,Equipade Luxury
77563378,Equipade Base
12554595,Equipade Pro
88099287,Equipade Family
64896163,Equipade Luxury
33952407,Equipade Family
28115647,Equipade Pro
18803692,Equipade Family
18965298,Equipade Pro
36484469,Equipade Family
33304294,Equipade Pro
54101022,Equipade Family
41475662,Equipade Pro
39975188,Equipade Base
39116687,Equipade Pro
64140154,Equipade Base
93224945,Equipade Luxury
48797942,Equipade Family
63922925,Equipade Pro
75186024,Equipade Family
90673765,Equipade Family
92867074,Equipade Pro
20353997,Equipade Family
63049065,Equipade Pro
35971095,Equipade Family
23313486,Equipade Pro
31988613,Equipade Base
20954511,Equipade Pro
12172990,Equipade Base
75062769,Equipade Pro
38859332,Equipade Family
47824703,Equipade Luxury
57056097,Equipade Family
30418538,Equipade Family
74414654,Equipade Family
92191820,Equipade Luxury
70238679,Equipade Base
13293737,Equipade Luxury
73278274,Equipade Family
42334519,Equipade Family
25140803,Equipade Base
16327034,Equipade Pro
77120609,Equipade Base
88856370,Equipade Pro
49947042,Equipade Base
61210141,Equipade Base
63987778,Equipade Base
76504744,Equipade Luxury
60476924,Equipade Family
72328768,Equipade Pro
87421260,Equipade Family
55116098,Equipade Luxury
24204592,Equipade Family
54885576,Equipade Pro
88132607,Equipade Family
18929335,Equipade Luxury
93982028,Equipade Family
40040682,Equipade Luxury
90922663,Equipade Pro
47889557,Equipade Luxury
18345721,Equipade Base
42314748,Equipade Luxury
54134343,Equipade Base
27166033,Equipade Luxury
39050125,Equipade Base
53949364,Equipade Pro
64922218,Equipade Base
69970433,Equipade Pro
66031962,Equipade Family
77883805,Equipade Pro
69753204,Equipade Family
72760487,Equipade Pro
18407664,Equipade Base
78831577,Equipade Pro
14832310,Equipade Luxury
80782963,Equipade Luxury
20939725,Equipade Family
17791799,Equipade Luxury
26466925,Equipade Base
37472031,Equipade Pro
88395487,Equipade Base
36517820,Equipade Luxury
48595408,Equipade Base
42303016,Equipade Pro
51534409,Equipade Family
48152435,Equipade Pro
59125290,Equipade Base
86670133,Equipade Pro
64716990,Equipade Family
92777548,Equipade Luxury
47504322,Equipade Family
98304749,Equipade Base
19342104,Equipade Family
72297265,Equipade Pro
18323395,Equipade Family
86595995,Equipade Luxury
47428673,Equipade Family
35436188,Equipade Pro
31763970,Equipade Base
40963114,Equipade Pro
26447156,Equipade Base
46554814,Equipade Pro
76647077,Equipade Family
29342146,Equipade Luxury
55407375,Equipade Family
49086876,Equipade Luxury
82591902,Equipade Family
22477439,Equipade Pro
88718335,Equipade Family
49518765,Equipade Luxury
85400976,Equipade Base
33854060,Equipade Luxury
45149408,Equipade Base
36793061,Equipade Base
48870650,Equipade Pro
44899930,Equipade Base
56784024,Equipade Pro
57497465,Equipade Family
51144716,Equipade Pro
84681992,Equipade Base
52254459,Equipade Luxury
72620113,Equipade Base
96556891,Equipade Luxury
67238800,Equipade Family
23979949,Equipade Luxury
74894178,Equipade Base
43918175,Equipade Base
78615422,Equipade Base
26770004,Equipade Luxury
38621848,Equipade Family
89015948,Equipade Pro
35046495,Equipade Family
24459014,Equipade Base
42348099,Equipade Base
54425688,Equipade Pro
38365617,Equipade Base
72364458,Equipade Pro
53724721,Equipade Base
56699754,Equipade Base
25755999,Equipade Base
62549449,Equipade Luxury
78355561,Equipade Base
56337919,Equipade Luxury
50601506,Equipade Family
94920118,Equipade Luxury
78108526,Equipade Family
24392650,Equipade Luxury
63918193,Equipade Family
89983424,Equipade Luxury
36013971,Equipade Family
17341984,Equipade Pro
26541128,Equipade Pro
35280754,Equipade Luxury
89367560,Equipade Base
62225090,Equipade Pro
38175743,Equipade Base
55727164,Equipade Pro
34664889,Equipade Base
59914101,Equipade Pro
98294426,Equipade Family
54044084,Equipade Luxury
71821248,Equipade Base
73724315,Equipade Luxury
89179808,Equipade Base
10475155,Equipade Pro
17118578,Equipade Family
94428719,Equipade Luxury
91969862,Equipade Luxury
22109771,Equipade Luxury
39628942,Equipade Base
16470465,Equipade Pro
16984478,Equipade Base
38071449,Equipade Pro
37945861,Equipade Base
53626823,Equipade Luxury
55562139,Equipade Family
24557732,Equipade Pro
60472193,Equipade Base
21498368,Equipade Pro
96518809,Equipade Base
12348018,Equipade Pro
24199862,Equipade Family
97849547,Equipade Pro
20624508,Equipade Family
19106818,Equipade Base
40161538,Equipade Base
72326299,Equipade Pro
15687816,Equipade Family
59748432,Equipade Pro
71628108,Equipade Base
42277768,Equipade Luxury
11592007,Equipade Base
38359784,Equipade Luxury
84185841,Equipade Base
53654389,Equipade Luxury
79687371,Equipade Family
25750166,Equipade Luxury
50915544,Equipade Base
30222930,Equipade Pro
12071073,Equipade Base
95813704,Equipade Luxury
41586256,Equipade Family
13404584,Equipade Pro
24115592,Equipade Family
41369027,Equipade Luxury
20197609,Equipade Family
91310955,Equipade Family
37556168,Equipade Pro
61557445,Equipade Family
63750754,Equipade Pro
32979112,Equipade Base
65981205,Equipade Luxury
45797644,Equipade Base
39508028,Equipade Pro
33155278,Equipade Family
47098907,Equipade Luxury
83161703,Equipade Base
75063352,Equipade Luxury
62115498,Equipade Family
82912225,Equipade Family
46515292,Equipade Family
97315721,Equipade Pro
97412827,Equipade Family
66673435,Equipade Luxury
95758226,Equipade Family
29699423,Equipade Family
43352808,Equipade Base
23248918,Equipade Pro
28968981,Equipade Family
31162291,Equipade Pro
58932880,Equipade Family
43953322,Equipade Base
64782300,Equipade Base
28353117,Equipade Pro
37028244,Equipade Family
81314606,Equipade Pro
80054909,Equipade Family
77596052,Equipade Luxury
76737550,Equipade Family
73097580,Equipade Luxury
97182944,Equipade Family
10806805,Equipade Luxury
13225860,Equipade Base
40770704,Equipade Luxury
75794298,Equipade Luxury
75128204,Equipade Pro
53666542,Equipade Base
47374150,Equipade Luxury
83436945,Equipade Base
42115901,Equipade Luxury
79653892,Equipade Base
78827640,Equipade Luxury
75219919,Equipade Family
99273033,Equipade Luxury
62835548,Equipade Family
15315950,Equipade Luxury
41381181,Equipade Family
77884388,Equipade Pro
58739738,Equipade Family
85475268,Equipade Pro
29244222,Equipade Luxury
23181717,Equipade Pro
23921475,Equipade Base
63555670,Equipade Pro
18604661,Equipade Family
65313559,Equipade Pro
38985557,Equipade Family
52929188,Equipade Pro
89249977,Equipade Base
71125952,Equipade Luxury
59689962,Equipade Base
88484511,Equipade Luxury
67345342,Equipade Base
13146001,Equipade Pro
70477839,Equipade Family
95759298,Equipade Pro
11588508,Equipade Family
92506439,Equipade Family
49183089,Equipade Family
41056628,Equipade Pro
14546995,Equipade Family
98742482,Equipade Pro
34743215,Equipade Family
29531336,Equipade Pro
50102319,Equipade Base
37186716,Equipade Pro
22606259,Equipade Base
34127350,Equipade Pro
57377106,Equipade Base
86429649,Equipade Luxury
53801755,Equipade Family
58675595,Equipade Pro
94738389,Equipade Family
86384819,Equipade Luxury
88803874,Equipade Base
16581039,Equipade Luxury
61372311,Equipade Family
34004098,Equipade Luxury
18992291,Equipade Base
27699667,Equipade Base
15997424,Equipade Pro
89185831,Equipade Family
68235224,Equipade Luxury
43895393,Equipade Base
40545668,Equipade Luxury
51808767,Equipade Base
28419291,Equipade Pro
70641698,Equipade Family
88451112,Equipade Luxury
66465719,Equipade Family
15809672,Equipade Luxury
50801016,Equipade Base
17825556,Equipade Family
87835247,Equipade Base
79247223,Equipade Pro
72389268,Equipade Base
95988634,Equipade Pro
42635758,Equipade Base
53866607,Equipade Base
50742627,Equipade Base
74827992,Equipade Pro
56703966,Equipade Base
68265566,Equipade Pro
83132314,Equipade Family
52923355,Equipade Family
21979601,Equipade Family
47800036,Equipade Pro
81337313,Equipade Family
12166291,Equipade Luxury
11082044,Equipade Family
26505287,Equipade Luxury
83611379,Equipade Base
40868516,Equipade Luxury
14572763,Equipade Base
40573496,Equipade Luxury
52167344,Equipade Base
22909336,Equipade Pro
34761179,Equipade Pro
51950116,Equipade Pro
54957400,Equipade Base
63207387,Equipade Pro
59236666,Equipade Family
82887618,Equipade Pro
64505875,Equipade Family
67545406,Equipade Luxury
22706340,Equipade Base
86378338,Equipade Pro
22411320,Equipade Family
81944366,Equipade Luxury
18714730,Equipade Family
13470604,Equipade Luxury
22435974,Equipade Base
33731322,Equipade Pro
83664146,Equipade Pro
31496234,Equipade Luxury
53373475,Equipade Family
35023981,Equipade Pro
38031264,Equipade Family
43130850,Equipade Pro
40240643,Equipade Base
82929425,Equipade Pro
60686040,Equipade Family
90520305,Equipade Luxury
45279329,Equipade Family
94306047,Equipade Pro
15569146,Equipade Family
65469720,Equipade Luxury
13334058,Equipade Family
85214451,Equipade Luxury
40117390,Equipade Family
28350649,Equipade Base